name,description,category,price,compare_at_price,quantity,moq,status,featured,seo_title,seo_description,keywords,low_stock_threshold,preorder_shipping,images,variant_color,variant_color_hex,variant_size,variant_price,variant_stock
"Lattafa Bade'e Al Oud Sublime","Eau de parfum. Name and imagery from supplier packaging. Set your selling price and final copy in admin.","Men's Fragrances",0,,100,1,draft,false,,,"Lattafa,Bade'e Al Oud,Sublime",5,,01.png,,,,,
"Lattafa Hayaati Florence","Eau de parfum. Name and imagery from supplier packaging. Set your selling price and final copy in admin.","Women's Fragrances",0,,100,1,draft,false,,,"Lattafa,Hayaati,Florence",5,,02.png,,,,,
"Asdaaf Andaleeb","Eau de parfum. Name and imagery from supplier packaging. Set your selling price and final copy in admin.","Women's Fragrances",0,,100,1,draft,false,,,"Asdaaf,Andaleeb",5,,03.png,,,,,
"Lattafa Asad Bourbon","Eau de parfum. Name and imagery from supplier packaging. Set your selling price and final copy in admin.","Men's Fragrances",0,,100,1,draft,false,,,"Lattafa,Asad,Bourbon",5,,04.png,,,,,
"Rave Now Women","Eau de parfum. Name and imagery from supplier packaging. Set your selling price and final copy in admin.","Women's Fragrances",0,,100,1,draft,false,,,"Rave,Now Women",5,,05.png,,,,,
"Hugo Boss Boss Femme","Eau de parfum. Name and imagery from supplier packaging. Set your selling price and final copy in admin.","Women's Fragrances",0,,100,1,draft,false,,,"Hugo Boss,Boss Femme",5,,06.png,,,,,
"Maison Alhambra Athena","Eau de parfum. Name and imagery from supplier packaging. Set your selling price and final copy in admin.","Women's Fragrances",0,,100,1,draft,false,,,"Maison Alhambra,Athena",5,,07.png,,,,,
"Lattafa Angham","Eau de parfum. Name and imagery from supplier packaging. Set your selling price and final copy in admin.","Women's Fragrances",0,,100,1,draft,false,,,"Lattafa,Angham",5,,08.png,,,,,
"Amaran Sugar Oxana","Eau de parfum pour femme. Name and imagery from supplier packaging. Set your selling price and final copy in admin.","Women's Fragrances",0,,100,1,draft,false,,,"Amaran,Sugar,Oxana",5,,09.png,,,,,
